Request URL,url
http://www.justdial.com/Chennai/Electronic/ct-55806/page-1,http://www.justdial.com/Chennai/Mency-Electronics-<near>-Near-Jayachanderan-mahal-Keelakattalai/044P1233902002L3Y8V9_Q2hlbm5haSBFbGVjdHJvbmlj_BZDET
http://www.justdial.com/Chennai/Electronic/ct-55806/page-1,http://www.justdial.com/Chennai/Singapore-Plaza-<near>-Near-Mosque-Saligramam/044P4126524_Q2hlbm5haSBFbGVjdHJvbmlj_BZDET
http://www.justdial.com/Chennai/Electronic/ct-55806/page-1,http://www.justdial.com/Chennai/Maha-Electronics-Pvt-Ltd-<near>-Near-Bus-Stop-Behind-Police-Station-Vadapalani/044PXX44-XX44-000296027653-R5B4_Q2hlbm5haSBFbGVjdHJvbmlj_BZDET
http://www.justdial.com/Chennai/Electronic/ct-55806/page-1,http://www.justdial.com/Chennai/Santosh-Electricals-Electronics-<near>-Opposite-Axis-Bank-Nanganallur/044PXX44-XX44-101018123600-N1P3_Q2hlbm5haSBFbGVjdHJvbmlj_BZDET
http://www.justdial.com/Chennai/Electronic/ct-55806/page-1,http://www.justdial.com/Chennai/Jency-Electronics-<near>-Near-Shoba-Kalyana-Mandapam-Saligramam/044PF012794_Q2hlbm5haSBFbGVjdHJvbmlj_BZDET
http://www.justdial.com/Chennai/Electronic/ct-55806/page-1,http://www.justdial.com/Chennai/Alankar-Electronics-<near>-Thiruvanmiyur/044PXX44-XX44-140527141329-I5D3_Q2hlbm5haSBFbGVjdHJvbmlj_BZDET
http://www.justdial.com/Chennai/Electronic/ct-55806/page-1,http://www.justdial.com/Chennai/BOMBAY-ELECTRONICS-<near>-Near-kasthuri-hospital-Tambaram-West/044P5301366_Q2hlbm5haSBFbGVjdHJvbmlj_BZDET
http://www.justdial.com/Chennai/Electronic/ct-55806/page-1,http://www.justdial.com/Chennai/Samsung-Plaza-<near>-Chennai-Ho/044PXX44-XX44-140625133413-Q9M2_Q2hlbm5haSBFbGVjdHJvbmlj_BZDET
http://www.justdial.com/Chennai/Electronic/ct-55806/page-1,http://www.justdial.com/Chennai/Adonis-Electronics-<near>-Nungambakkam/044PXX44-XX44-140527152051-T9E7_Q2hlbm5haSBFbGVjdHJvbmlj_BZDET
http://www.justdial.com/Chennai/Electronic/ct-55806/page-1,http://www.justdial.com/Chennai/Gift-Collections-<near>-Near-Roundtana-And-Near-By-Vivek-Co-Anna-Nagar/044PXX44-XX44-120611192126-D7X3_Q2hlbm5haSBFbGVjdHJvbmlj_BZDET
http://www.justdial.com/Chennai/Electronic/ct-55806/page-1,http://www.justdial.com/Chennai/Kit-Point-Accessories-<near>-Near-Thousand-Lights-Mosque-Thousand-Lights/044PXX44-XX44-121206095103-Y5H9_Q2hlbm5haSBFbGVjdHJvbmlj_BZDET
http://www.justdial.com/Chennai/Electronic/ct-55806/page-1,http://www.justdial.com/Chennai/Electronica-Finance-Ltd-<near>-Western-Colony-Anna-Nagar/044PXX44-XX44-130825023541-Q6S3_Q2hlbm5haSBFbGVjdHJvbmlj_BZDET
http://www.justdial.com/Chennai/Electronic/ct-55806/page-1,http://www.justdial.com/Chennai/Analog-Electronics-<near>-Virugambakkam/044PXX44-XX44-110202131525-X3J8_Q2hlbm5haSBFbGVjdHJvbmlj_BZDET
http://www.justdial.com/Chennai/Electronic/ct-55806/page-1,http://www.justdial.com/Chennai/Annai-Enterprises-<near>-Near-ICICI-Bank-Tambaram-West/044PXX44-XX44-131024173038-Z6L1_Q2hlbm5haSBFbGVjdHJvbmlj_BZDET
http://www.justdial.com/Chennai/Electronic/ct-55806/page-1,http://www.justdial.com/Chennai/A-K-V-Electronics-<near>-Arumbakkam/044PXX44-XX44-140527140629-E4U8_Q2hlbm5haSBFbGVjdHJvbmlj_BZDET
http://www.justdial.com/Chennai/Electronic/ct-55806/page-1,http://www.justdial.com/Chennai/Agarwal-Fastners-Private-Limited-<near>-Near-Patravalkam-Railway-Station--Chennai-Ho/044PXX44-XX44-140527150131-P8H5_Q2hlbm5haSBFbGVjdHJvbmlj_BZDET
http://www.justdial.com/Chennai/Electronic/ct-55806/page-1,http://www.justdial.com/Chennai/Adarsh-Electronics-<near>-Near-Avadi-Bus-Depot-Avadi/044PXX44-XX44-140527151418-M1Z8_Q2hlbm5haSBFbGVjdHJvbmlj_BZDET
http://www.justdial.com/Chennai/Electronic/ct-55806/page-1,http://www.justdial.com/Chennai/Canon-<near>-Chennai-Ho/044PXX44-XX44-140625124430-J6W3_Q2hlbm5haSBFbGVjdHJvbmlj_BZDET
http://www.justdial.com/Chennai/Electronic/ct-55806/page-1,http://www.justdial.com/Chennai/Deepam-electronics-<near>-Near-bus-stand-Poonamallee/044PXX44-XX44-140702154300-F9Q3_Q2hlbm5haSBFbGVjdHJvbmlj_BZDET
http://www.justdial.com/Chennai/Electronic/ct-55806/page-1,http://www.justdial.com/Chennai/Kewel-Electronic-<near>-Chennai-Ho/044PXX44-XX44-140607102516-D7P7_Q2hlbm5haSBFbGVjdHJvbmlj_BZDET
http://www.justdial.com/Chennai/Electronic/ct-55806/page-1,http://www.justdial.com/Chennai/P-C-India-Electronic-Services-<near>-Opp-To-Thousand-Lights-Mosque-Thousand-Lights/044P1234859948F1A5Q2_Q2hlbm5haSBFbGVjdHJvbmlj_BZDET
http://www.justdial.com/Chennai/Electronic/ct-55806/page-1,http://www.justdial.com/Chennai/Grace-Electronics-<near>-T-Nagar/044PXX44-XX44-111011123757-X8R3_Q2hlbm5haSBFbGVjdHJvbmlj_BZDET
http://www.justdial.com/Chennai/Electronic/ct-55806/page-1,http://www.justdial.com/Chennai/Akai-Television-<near>-T-Nagar/044PXX44-XX44-140527141753-N3C3_Q2hlbm5haSBFbGVjdHJvbmlj_BZDET
http://www.justdial.com/Chennai/Electronic/ct-55806/page-1,http://www.justdial.com/Chennai/Cell-World-<near>-Opp-Vidya-School-Medavakkam/044PXX44-XX44-111103112038-E7B5_Q2hlbm5haSBFbGVjdHJvbmlj_BZDET
http://www.justdial.com/Chennai/Electronic/ct-55806/page-1,http://www.justdial.com/Chennai/Compact-Electronic-Ltd-<near>-Guindy/044PXX44-XX44-131030113012-V6K5_Q2hlbm5haSBFbGVjdHJvbmlj_BZDET
http://www.justdial.com/Chennai/Electronic/ct-55806/page-2,http://www.justdial.com/Chennai/Sri-Santhi-Stores-<near>-Near-perambur-bus-terminus-Perambur/044PXX44-XX44-121122152952-Q2V8_Q2hlbm5haSBFbGVjdHJvbmlj_BZDET
http://www.justdial.com/Chennai/Electronic/ct-55806/page-2,http://www.justdial.com/Chennai/Emcon-Instruments-Pvt-Ltd-<near>-Nandanam/044PF008507_Q2hlbm5haSBFbGVjdHJvbmlj_BZDET
http://www.justdial.com/Chennai/Electronic/ct-55806/page-2,http://www.justdial.com/Chennai/K-K-ELECTRONICS-<near>-Near-Armenian-street-opp-Parrys/044PXX44-XX44-130424143709-J4Y6_Q2hlbm5haSBFbGVjdHJvbmlj_BZDET
http://www.justdial.com/Chennai/Electronic/ct-55806/page-2,http://www.justdial.com/Chennai/Alankar-Enterprises-<near>-Near-Petrol-Bunk-Kottivakkam/044PF002943_Q2hlbm5haSBFbGVjdHJvbmlj_BZDET
http://www.justdial.com/Chennai/Electronic/ct-55806/page-2,http://www.justdial.com/Chennai/Elsys-Consultancy-Services-LlP-<near>-Dr-Seethapathy-Nagar-Chennai-Ho/044PXX44-XX44-140510214552-L7T1_Q2hlbm5haSBFbGVjdHJvbmlj_BZDET
http://www.justdial.com/Chennai/Electronic/ct-55806/page-2,http://www.justdial.com/Chennai/Nakoda-Electronics-<near>-Near-Casino-Theatre-Mount-Road/044PXX44-XX44-140123120423-R7P1_Q2hlbm5haSBFbGVjdHJvbmlj_BZDET
http://www.justdial.com/Chennai/Electronic/ct-55806/page-2,http://www.justdial.com/Chennai/Royal-Eletronics-DVD-World-<near>-near-to-Junction-Kelambakkam/044PXX44-XX44-121225144957-C4C2_Q2hlbm5haSBFbGVjdHJvbmlj_BZDET
http://www.justdial.com/Chennai/Electronic/ct-55806/page-2,http://www.justdial.com/Chennai/Inetest-Technologies-India-Pvt-Ltd-<near>-Near-Ega-Theatre-Kilpauk/044PXX44-XX44-090523123749-B1L2_Q2hlbm5haSBFbGVjdHJvbmlj_BZDET
http://www.justdial.com/Chennai/Electronic/ct-55806/page-2,http://www.justdial.com/Chennai/Status-Customs-Notified-Shop-<near>-Near-Hotel-Palmgrove-Nungambakkam/044P1401975_Q2hlbm5haSBFbGVjdHJvbmlj_BZDET
http://www.justdial.com/Chennai/Electronic/ct-55806/page-2,http://www.justdial.com/Chennai/National-Electronic-Service-<near>-Greames-Road/044PF000461_Q2hlbm5haSBFbGVjdHJvbmlj_BZDET
http://www.justdial.com/Chennai/Electronic/ct-55806/page-2,http://www.justdial.com/Chennai/SARAVANA-ELECTRICALS-ELECTONICS-<near>-Near-to-Kodambakkam-Railway-Station-Kodambakkam/044PXX44-XX44-110225172924-D8M6_Q2hlbm5haSBFbGVjdHJvbmlj_BZDET
http://www.justdial.com/Chennai/Electronic/ct-55806/page-2,http://www.justdial.com/Chennai/Data-Electronics-<near>-Backside-Of-Devi-Theatre-Mount-Road/044PF003315_Q2hlbm5haSBFbGVjdHJvbmlj_BZDET
http://www.justdial.com/Chennai/Electronic/ct-55806/page-2,http://www.justdial.com/Chennai/V-M-Traders-<near>-Near-Thiruvalluvar-Salai-Teynampet/044PXX44-XX44-110425002756-Z9B4_Q2hlbm5haSBFbGVjdHJvbmlj_BZDET
http://www.justdial.com/Chennai/Electronic/ct-55806/page-2,http://www.justdial.com/Chennai/Alankar-Electronics-<near>-Park-Town/044P4233281_Q2hlbm5haSBFbGVjdHJvbmlj_BZDET
http://www.justdial.com/Chennai/Electronic/ct-55806/page-2,http://www.justdial.com/Chennai/Zigma-Electronics-<near>-Broadway/044PXX44-XX44-110526180432-U7Q9_Q2hlbm5haSBFbGVjdHJvbmlj_BZDET
http://www.justdial.com/Chennai/Electronic/ct-55806/page-2,http://www.justdial.com/Chennai/Comus-Eletronics-Technologies-India-Pvt-Ltd-<near>-Opposite-Kasi-Thetre-Anjugam-Nagar-Ashok-Nagar/044PXX44-XX44-131128100831-L7A7_Q2hlbm5haSBFbGVjdHJvbmlj_BZDET
http://www.justdial.com/Chennai/Electronic/ct-55806/page-2,http://www.justdial.com/Chennai/Shalom-Systems-<near>-Near-Jothi-Theatre-St-Thomas-Mount/044PXX44-XX44-130108105915-X2J3_Q2hlbm5haSBFbGVjdHJvbmlj_BZDET
http://www.justdial.com/Chennai/Electronic/ct-55806/page-2,http://www.justdial.com/Chennai/Mahalakshmi-Electronic-<near>-Ullagaram-Nanganallur/044PXX44-XX44-130818002542-L5E6_Q2hlbm5haSBFbGVjdHJvbmlj_BZDET
http://www.justdial.com/Chennai/Electronic/ct-55806/page-2,http://www.justdial.com/Chennai/Sree-Latha-electricals-<near>-Opp-to-oil-mill-stop-Pallikaranai/044P1229582204V4F9J8_Q2hlbm5haSBFbGVjdHJvbmlj_BZDET
http://www.justdial.com/Chennai/Electronic/ct-55806/page-2,http://www.justdial.com/Chennai/Alpha-Communications-<near>-Poompozhil-Nagar-S-M-Nagar-Post-Avadi/044PXX44-XX44-090704164158-V3D5_Q2hlbm5haSBFbGVjdHJvbmlj_BZDET
http://www.justdial.com/Chennai/Electronic/ct-55806/page-2,http://www.justdial.com/Chennai/Transera-Electronic-Pvt-Ltd-<near>-Saligramam/044P7301594_Q2hlbm5haSBFbGVjdHJvbmlj_BZDET
http://www.justdial.com/Chennai/Electronic/ct-55806/page-2,http://www.justdial.com/Chennai/Joy-India-Electronics-<near>-Behnd-Sbt-Parrys/044P2300071_Q2hlbm5haSBFbGVjdHJvbmlj_BZDET
http://www.justdial.com/Chennai/Electronic/ct-55806/page-2,http://www.justdial.com/Chennai/Thirumala-Electronics-<near>-Near-Athipattan-Street-Mount-Road/044PXX44-XX44-111224194357-A5T5_Q2hlbm5haSBFbGVjdHJvbmlj_BZDET
http://www.justdial.com/Chennai/Electronic/ct-55806/page-2,http://www.justdial.com/Chennai/Joy-Electronics-<near>-Near-Over-Bridge-Signal-T-Nagar/044P6100791_Q2hlbm5haSBFbGVjdHJvbmlj_BZDET
http://www.justdial.com/Chennai/Electronic/ct-55806/page-2,http://www.justdial.com/Chennai/Rishab-Electronics-<near>-Opposite-Mosque-Mount-Road/044P1400661_Q2hlbm5haSBFbGVjdHJvbmlj_BZDET
http://www.justdial.com/Chennai/Electronic/ct-55806/page-3,http://www.justdial.com/Chennai/GLOBAL-INDIA-<near>-Near-nilgiris-Ashok-Nagar/044PF008502_Q2hlbm5haSBFbGVjdHJvbmlj_BZDET
http://www.justdial.com/Chennai/Electronic/ct-55806/page-3,http://www.justdial.com/Chennai/RR-Automations-<near>-Adyar/044PXX44-XX44-111021175702-B3K4_Q2hlbm5haSBFbGVjdHJvbmlj_BZDET
http://www.justdial.com/Chennai/Electronic/ct-55806/page-3,http://www.justdial.com/Chennai/Guna-Electronics-<near>-Medavakkam/044PXX44-XX44-120207114742-U5P2_Q2hlbm5haSBFbGVjdHJvbmlj_BZDET
http://www.justdial.com/Chennai/Electronic/ct-55806/page-3,http://www.justdial.com/Chennai/Surya-electronics-<near>-near-AG-hospital-Chrompet/044PXX44-XX44-121205122847-Z7N3_Q2hlbm5haSBFbGVjdHJvbmlj_BZDET
http://www.justdial.com/Chennai/Electronic/ct-55806/page-3,http://www.justdial.com/Chennai/Crains-Electronics-PVT-LTD-<near>-Maraimalai-Nagar/044PXX44-XX44-120310095531-D9F8_Q2hlbm5haSBFbGVjdHJvbmlj_BZDET
http://www.justdial.com/Chennai/Electronic/ct-55806/page-3,http://www.justdial.com/Chennai/Indian-Electronics-<near>-Near-police-station-Chetpet/044PXX44-XX44-140527120044-R9L3_Q2hlbm5haSBFbGVjdHJvbmlj_BZDET
http://www.justdial.com/Chennai/Electronic/ct-55806/page-3,http://www.justdial.com/Chennai/Akila-Electronics-<near>-Chetpet/044PXX44-XX44-140527142631-T6X4_Q2hlbm5haSBFbGVjdHJvbmlj_BZDET
http://www.justdial.com/Chennai/Electronic/ct-55806/page-3,http://www.justdial.com/Chennai/Acria-<near>-Chetpet/044PXX44-XX44-140527152637-S1K4_Q2hlbm5haSBFbGVjdHJvbmlj_BZDET
http://www.justdial.com/Chennai/Electronic/ct-55806/page-3,http://www.justdial.com/Chennai/STR-Stores-<near>-Nungambakkam/044PXX44-XX44-130612123009-N7H4_Q2hlbm5haSBFbGVjdHJvbmlj_BZDET
http://www.justdial.com/Chennai/Electronic/ct-55806/page-3,http://www.justdial.com/Chennai/Ads-Services-<near>-Nungambakkam/044PXX44-XX44-140527152228-R8U1_Q2hlbm5haSBFbGVjdHJvbmlj_BZDET
http://www.justdial.com/Chennai/Electronic/ct-55806/page-3,http://www.justdial.com/Chennai/ACME-Federal-Services-<near>-Real-Enclave-Nungambakkam/044PXX44-XX44-140527154745-S5U3_Q2hlbm5haSBFbGVjdHJvbmlj_BZDET
http://www.justdial.com/Chennai/Electronic/ct-55806/page-3,http://www.justdial.com/Chennai/Akai-Electronics-India-Limited-<near>-Mahalingapuram/044PXX44-XX44-140527144127-D3R5_Q2hlbm5haSBFbGVjdHJvbmlj_BZDET
http://www.justdial.com/Chennai/Electronic/ct-55806/page-3,http://www.justdial.com/Chennai/Classical-electronics-<near>-Near-k6-police-station-Kilpauk/044PXX44-XX44-131205143103-X2I8_Q2hlbm5haSBFbGVjdHJvbmlj_BZDET
http://www.justdial.com/Chennai/Electronic/ct-55806/page-3,http://www.justdial.com/Chennai/Akash-Electronics-<near>-Aminjikarai/044PXX44-XX44-140527142227-K9X4_Q2hlbm5haSBFbGVjdHJvbmlj_BZDET
http://www.justdial.com/Chennai/Electronic/ct-55806/page-3,http://www.justdial.com/Chennai/Royal-Touch-<near>-Thousand-Lights/044P1401541_Q2hlbm5haSBFbGVjdHJvbmlj_BZDET
http://www.justdial.com/Chennai/Electronic/ct-55806/page-3,http://www.justdial.com/Chennai/Asian-Fancy-Customs-Notified-Shop-<near>-Mount-Road/044PF000905_Q2hlbm5haSBFbGVjdHJvbmlj_BZDET
http://www.justdial.com/Chennai/Electronic/ct-55806/page-3,http://www.justdial.com/Chennai/M-L-Electronics-<near>-Opposite-Jayapratha-street-Mount-Road/044PXX44-XX44-110526174309-R4Z5_Q2hlbm5haSBFbGVjdHJvbmlj_BZDET
http://www.justdial.com/Chennai/Electronic/ct-55806/page-3,http://www.justdial.com/Chennai/Chennai-Electronics-Computer-Components-<near>-Mount-Road/044PXX44-XX44-140217185552-N8K8_Q2hlbm5haSBFbGVjdHJvbmlj_BZDET
http://www.justdial.com/Chennai/Electronic/ct-55806/page-3,http://www.justdial.com/Chennai/A-K-M-Electronics-<near>-Mount-Road/044PXX44-XX44-140527142945-N4A5_Q2hlbm5haSBFbGVjdHJvbmlj_BZDET
http://www.justdial.com/Chennai/Electronic/ct-55806/page-3,http://www.justdial.com/Chennai/Ajit-Electronics-Industries-<near>-Mount-Road/044PXX44-XX44-140527143938-T5X4_Q2hlbm5haSBFbGVjdHJvbmlj_BZDET
http://www.justdial.com/Chennai/Electronic/ct-55806/page-3,http://www.justdial.com/Chennai/Adarsa-Enterprises-<near>-Mount-Road/044PXX44-XX44-140527152957-A3Y5_Q2hlbm5haSBFbGVjdHJvbmlj_BZDET
http://www.justdial.com/Chennai/Electronic/ct-55806/page-3,http://www.justdial.com/Chennai/A1-Mini-Electronicss-<near>-Mount-Road/044PXX44-XX44-140527155534-T6D2_Q2hlbm5haSBFbGVjdHJvbmlj_BZDET
http://www.justdial.com/Chennai/Electronic/ct-55806/page-3,http://www.justdial.com/Chennai/Vmd-Electronics-<near>-Opp-To-Bata-Mount-Road/044PXX44-XX44-000850855511-Q2C7_Q2hlbm5haSBFbGVjdHJvbmlj_BZDET
http://www.justdial.com/Chennai/Electronic/ct-55806/page-3,http://www.justdial.com/Chennai/National-Electronic-Spares-<near>-Chindatripet/044PXX44-XX44-140602152339-R6X7_Q2hlbm5haSBFbGVjdHJvbmlj_BZDET
http://www.justdial.com/Chennai/Electronic/ct-55806/page-3,http://www.justdial.com/Chennai/Bangalore-Electronics-<near>-Opp-Road-To-Bala-Wines-Mount-Road/044PXX44-XX44-110405140619-G8T3_Q2hlbm5haSBFbGVjdHJvbmlj_BZDET
http://www.justdial.com/Chennai/Electronic/ct-55806/page-4,http://www.justdial.com/Chennai/Aditya-Electricals-<near>-T-Nagar/044PXX44-XX44-140527151656-W7H7_Q2hlbm5haSBFbGVjdHJvbmlj_BZDET
http://www.justdial.com/Chennai/Electronic/ct-55806/page-4,http://www.justdial.com/Chennai/India-Electronics-<near>-Mount-Road/044PXX44-XX44-110413165431-A7U1_Q2hlbm5haSBFbGVjdHJvbmlj_BZDET
http://www.justdial.com/Chennai/Electronic/ct-55806/page-4,http://www.justdial.com/Chennai/Aarem-Electronics-Private-Limited-<near>-T-Nagar/044PXX44-XX44-140527155726-S3C6_Q2hlbm5haSBFbGVjdHJvbmlj_BZDET
http://www.justdial.com/Chennai/Electronic/ct-55806/page-4,http://www.justdial.com/Chennai/Power-Electronics-<near>-Chindaripet-Chindatripet/044PXX44-XX44-110613224018-Z7D1_Q2hlbm5haSBFbGVjdHJvbmlj_BZDET
http://www.justdial.com/Chennai/Electronic/ct-55806/page-4,http://www.justdial.com/Chennai/AR-electronics-<near>-srinivasa-hotel-Triplicane/044PXX44-XX44-140508114032-S1Y9_Q2hlbm5haSBFbGVjdHJvbmlj_BZDET
http://www.justdial.com/Chennai/Electronic/ct-55806/page-4,http://www.justdial.com/Chennai/AFRA-ELECTRONICS-<near>-HIGH-ROAD-Choolaimedu/044PXX44-XX44-140527145743-G5K3_Q2hlbm5haSBFbGVjdHJvbmlj_BZDET
http://www.justdial.com/Chennai/Electronic/ct-55806/page-4,http://www.justdial.com/Chennai/Aishwaryas-<near>-Park-Town/044PXX44-XX44-140527143446-R4P6_Q2hlbm5haSBFbGVjdHJvbmlj_BZDET
http://www.justdial.com/Chennai/Electronic/ct-55806/page-4,http://www.justdial.com/Chennai/HANI-MOBILES-AND-ELECTRONICS-<near>-Near-gill-adarsh-Royapettah/044PXX44-XX44-121107133109-I7R8_Q2hlbm5haSBFbGVjdHJvbmlj_BZDET
http://www.justdial.com/Chennai/Electronic/ct-55806/page-4,http://www.justdial.com/Chennai/Sri-Ashapuri-Home-Appliances-<near>-Park-Town/044P4013038_Q2hlbm5haSBFbGVjdHJvbmlj_BZDET
http://www.justdial.com/Chennai/Electronic/ct-55806/page-4,http://www.justdial.com/Chennai/Engineering-Private-Limited-<near>-Arumbakkam/044PXX44-XX44-140628163119-R9F4_Q2hlbm5haSBFbGVjdHJvbmlj_BZDET
http://www.justdial.com/Chennai/Electronic/ct-55806/page-4,http://www.justdial.com/Chennai/Mukesh-Electricals-Electronics-<near>-Parrys/044P1231228946A5T8Q4_Q2hlbm5haSBFbGVjdHJvbmlj_BZDET
http://www.justdial.com/Chennai/Electronic/ct-55806/page-4,http://www.justdial.com/Chennai/SYED-MOBILES-<near>-Opposite-To-Raju-Hospital-T-Nagar/044PXX44-XX44-121107181046-N5P5_Q2hlbm5haSBFbGVjdHJvbmlj_BZDET
http://www.justdial.com/Chennai/Electronic/ct-55806/page-4,http://www.justdial.com/Chennai/City-Tronics-<near>-Dr-Radhakrishnan-Salai-Mylapore/044PXX44-XX44-130814202752-C4M3_Q2hlbm5haSBFbGVjdHJvbmlj_BZDET
http://www.justdial.com/Chennai/Electronic/ct-55806/page-4,http://www.justdial.com/Chennai/Janeni-electronics-<near>-patel-Road-iyappan-koil-Perambur/044PXX44-XX44-140517132859-L9S9_Q2hlbm5haSBFbGVjdHJvbmlj_BZDET
http://www.justdial.com/Chennai/Electronic/ct-55806/page-4,http://www.justdial.com/Chennai/Rajhans-Fancy-Store-<near>-Sowcarpet/044P1231143060N4V1C4_Q2hlbm5haSBFbGVjdHJvbmlj_BZDET
http://www.justdial.com/Chennai/Electronic/ct-55806/page-4,http://www.justdial.com/Chennai/Mayur-Enterprises-<near>-Sowcarpet/044P1231138193P5U5Z9_Q2hlbm5haSBFbGVjdHJvbmlj_BZDET
http://www.justdial.com/Chennai/Electronic/ct-55806/page-4,http://www.justdial.com/Chennai/Radika-Electronics-<near>-New-Fancy-Market-Sowcarpet/044P1230963574G5Z7F7_Q2hlbm5haSBFbGVjdHJvbmlj_BZDET
http://www.justdial.com/Chennai/Electronic/ct-55806/page-4,http://www.justdial.com/Chennai/Narasimham-V-L-<near>-Sowcarpet/044P1231144116G6J3Y3_Q2hlbm5haSBFbGVjdHJvbmlj_BZDET
http://www.justdial.com/Chennai/Electronic/ct-55806/page-4,http://www.justdial.com/Chennai/A-Kani-And-Company-<near>-Mylapore/044PXX44-XX44-140527141927-D4P9_Q2hlbm5haSBFbGVjdHJvbmlj_BZDET
http://www.justdial.com/Chennai/Electronic/ct-55806/page-4,http://www.justdial.com/Chennai/Jayam-Eectronics-<near>-Perambur/044PXX44-XX44-130507193838-N3Q4_Q2hlbm5haSBFbGVjdHJvbmlj_BZDET
http://www.justdial.com/Chennai/Electronic/ct-55806/page-4,http://www.justdial.com/Chennai/Girnar-Electricals-<near>-Behind-Govinda-Naicken-Street-Sowcarpet/044PXX44-XX44-120724195247-J5J6_Q2hlbm5haSBFbGVjdHJvbmlj_BZDET
http://www.justdial.com/Chennai/Electronic/ct-55806/page-4,http://www.justdial.com/Chennai/National-Electronics-<near>-Vyasarpadi/044PXX44-XX44-140623155454-V2W8_Q2hlbm5haSBFbGVjdHJvbmlj_BZDET
http://www.justdial.com/Chennai/Electronic/ct-55806/page-4,http://www.justdial.com/Chennai/Deluxe-Marketing-<near>-Near-N-S-C-Bose-Road-Sowcarpet/044P1230962304C2E8J1_Q2hlbm5haSBFbGVjdHJvbmlj_BZDET
http://www.justdial.com/Chennai/Electronic/ct-55806/page-4,http://www.justdial.com/Chennai/Akash-Electricals-<near>-Sowcarpet/044PXX44-XX44-140527142052-D4P9_Q2hlbm5haSBFbGVjdHJvbmlj_BZDET
http://www.justdial.com/Chennai/Electronic/ct-55806/page-4,http://www.justdial.com/Chennai/Agarwal-Electronics-<near>-Sowcarpet/044PXX44-XX44-140527145921-D7J2_Q2hlbm5haSBFbGVjdHJvbmlj_BZDET
http://www.justdial.com/Chennai/Electronic/ct-55806/page-5,http://www.justdial.com/Chennai/A-G-Service-Station-<near>-Koyambedu/044PXX44-XX44-140527144651-B4L5_Q2hlbm5haSBFbGVjdHJvbmlj_BZDET
http://www.justdial.com/Chennai/Electronic/ct-55806/page-5,http://www.justdial.com/Chennai/Albert-Service-<near>-Nandanam/044PXX44-XX44-140527132342-V2T3_Q2hlbm5haSBFbGVjdHJvbmlj_BZDET
http://www.justdial.com/Chennai/Electronic/ct-55806/page-5,http://www.justdial.com/Chennai/Alex-Electronics-<near>-Ashok-Nagar/044PXX44-XX44-140527132642-D5L4_Q2hlbm5haSBFbGVjdHJvbmlj_BZDET
http://www.justdial.com/Chennai/Electronic/ct-55806/page-5,http://www.justdial.com/Chennai/Adarsh-Electricals-<near>-Parrys/044PXX44-XX44-140527153330-G9R6_Q2hlbm5haSBFbGVjdHJvbmlj_BZDET
http://www.justdial.com/Chennai/Electronic/ct-55806/page-5,http://www.justdial.com/Chennai/Expo-Electronics-<near>-Near-by-saligramam-bus-terminus-Virugambakkam/044P1227524646I5N5R6_Q2hlbm5haSBFbGVjdHJvbmlj_BZDET
http://www.justdial.com/Chennai/Electronic/ct-55806/page-5,http://www.justdial.com/Chennai/MAM-electronics-shop-<near>-Near-by-K-5-Police-station-G-K-M-Colony/044PXX44-XX44-120102144453-X2C8_Q2hlbm5haSBFbGVjdHJvbmlj_BZDET
http://www.justdial.com/Chennai/Electronic/ct-55806/page-5,http://www.justdial.com/Chennai/Alharamine-Haj-Service-<near>-Parrys/044PXX44-XX44-140527133000-S1J3_Q2hlbm5haSBFbGVjdHJvbmlj_BZDET
http://www.justdial.com/Chennai/Electronic/ct-55806/page-5,http://www.justdial.com/Chennai/All-Electronic-Spray-Painting-<near>-Parrys/044PXX44-XX44-140527133403-Z3H2_Q2hlbm5haSBFbGVjdHJvbmlj_BZDET
http://www.justdial.com/Chennai/Electronic/ct-55806/page-5,http://www.justdial.com/Chennai/Aifa-Services-<near>-Parrys/044PXX44-XX44-140527145103-J1T1_Q2hlbm5haSBFbGVjdHJvbmlj_BZDET
http://www.justdial.com/Chennai/Electronic/ct-55806/page-5,http://www.justdial.com/Chennai/Adhinath-Electricals-<near>-Parrys/044PXX44-XX44-140527150955-Q2V3_Q2hlbm5haSBFbGVjdHJvbmlj_BZDET
http://www.justdial.com/Chennai/Electronic/ct-55806/page-5,http://www.justdial.com/Chennai/Adinath-Electrical-<near>-Parrys/044PXX44-XX44-140527151123-S6E1_Q2hlbm5haSBFbGVjdHJvbmlj_BZDET
http://www.justdial.com/Chennai/Electronic/ct-55806/page-5,http://www.justdial.com/Chennai/Global-Trading-<near>-Near-Indian-Bank-Parrys/044P2300144_Q2hlbm5haSBFbGVjdHJvbmlj_BZDET
http://www.justdial.com/Chennai/Electronic/ct-55806/page-5,http://www.justdial.com/Chennai/sri-vignesh-electronics-<near>-government-higher-secondry-school-Mettupalayam-West-Mambalam/044PXX44-XX44-140506130231-J6P4_Q2hlbm5haSBFbGVjdHJvbmlj_BZDET
http://www.justdial.com/Chennai/Electronic/ct-55806/page-5,http://www.justdial.com/Chennai/Adinath-Electricals-<near>-Near-Parrys-Corner-Parrys/044PXX44-XX44-000744238227-H5D8_Q2hlbm5haSBFbGVjdHJvbmlj_BZDET
http://www.justdial.com/Chennai/Electronic/ct-55806/page-5,http://www.justdial.com/Chennai/Redd-Robotics-<near>-Jawahar-Nagar/044PXX44-XX44-130614134544-Q9S2_Q2hlbm5haSBFbGVjdHJvbmlj_BZDET
http://www.justdial.com/Chennai/Electronic/ct-55806/page-5,http://www.justdial.com/Chennai/Acuti-Services-<near>-Raja-Annamalai-Puram/044PXX44-XX44-140527152826-L4M5_Q2hlbm5haSBFbGVjdHJvbmlj_BZDET
http://www.justdial.com/Chennai/Electronic/ct-55806/page-5,http://www.justdial.com/Chennai/KBN-NNOVELTIES-<near>-NEAR-BEACH-STATION-Parrys/044PXX44-XX44-130318140139-N2I5_Q2hlbm5haSBFbGVjdHJvbmlj_BZDET
http://www.justdial.com/Chennai/Electronic/ct-55806/page-5,http://www.justdial.com/Chennai/Shri-Thirumurthy-<near>-Nr-Chok-Chennai-Ho/044PXX44-XX44-140421151825-D4D4_Q2hlbm5haSBFbGVjdHJvbmlj_BZDET
http://www.justdial.com/Chennai/Electronic/ct-55806/page-5,http://www.justdial.com/Chennai/Auto-India-<near>-Chennai-Ho/044PXX44-XX44-140510145102-V6N2_Q2hlbm5haSBFbGVjdHJvbmlj_BZDET
http://www.justdial.com/Chennai/Electronic/ct-55806/page-5,http://www.justdial.com/Chennai/BMS-Engineering-Controls-<near>-Chennai-Ho/044PXX44-XX44-140510152806-E5P1_Q2hlbm5haSBFbGVjdHJvbmlj_BZDET
http://www.justdial.com/Chennai/Electronic/ct-55806/page-5,http://www.justdial.com/Chennai/Princeminilab-Spares-<near>-Chennai-Ho/044PXX44-XX44-140510164340-K7L3_Q2hlbm5haSBFbGVjdHJvbmlj_BZDET
http://www.justdial.com/Chennai/Electronic/ct-55806/page-5,http://www.justdial.com/Chennai/Midas-Communications-<near>-Chennai-Ho/044PXX44-XX44-140511145759-Y1J9_Q2hlbm5haSBFbGVjdHJvbmlj_BZDET
http://www.justdial.com/Chennai/Electronic/ct-55806/page-5,http://www.justdial.com/Chennai/Evidhya-<near>-Chennai-Ho/044PXX44-XX44-140512064759-H4C5_Q2hlbm5haSBFbGVjdHJvbmlj_BZDET
http://www.justdial.com/Chennai/Electronic/ct-55806/page-5,http://www.justdial.com/Chennai/Al-Kabir-Impex-Services-<near>-Chennai-Ho/044PXX44-XX44-140527133212-F9B1_Q2hlbm5haSBFbGVjdHJvbmlj_BZDET
http://www.justdial.com/Chennai/Electronic/ct-55806/page-5,http://www.justdial.com/Chennai/Aksia-Electronics-<near>-Chennai-Ho/044PXX44-XX44-140527133835-Q8P7_Q2hlbm5haSBFbGVjdHJvbmlj_BZDET
http://www.justdial.com/Chennai/Electronic/ct-55806/page-6,http://www.justdial.com/Chennai/Alai-Asai-Electronicss-<near>-Chennai-Ho/044PXX44-XX44-140527140826-P2P5_Q2hlbm5haSBFbGVjdHJvbmlj_BZDET
http://www.justdial.com/Chennai/Electronic/ct-55806/page-6,http://www.justdial.com/Chennai/Akira-Electronics-<near>-Chennai-Ho/044PXX44-XX44-140527142809-Q7C3_Q2hlbm5haSBFbGVjdHJvbmlj_BZDET
http://www.justdial.com/Chennai/Electronic/ct-55806/page-6,http://www.justdial.com/Chennai/Aiwa-Electronics-<near>-Chennai-Ho/044PXX44-XX44-140527143620-X4E4_Q2hlbm5haSBFbGVjdHJvbmlj_BZDET
http://www.justdial.com/Chennai/Electronic/ct-55806/page-6,http://www.justdial.com/Chennai/Aidees-Electronics-Private-Limited-<near>-Chennai-Ho/044PXX44-XX44-140527144819-M4A1_Q2hlbm5haSBFbGVjdHJvbmlj_BZDET
http://www.justdial.com/Chennai/Electronic/ct-55806/page-6,http://www.justdial.com/Chennai/A-C-A-Bangalore-Auto-Electrical-Electronic-<near>-Opposite-Shakti-Stabilizer-Building-Chennai-Ho/044PXX44-XX44-140527154125-J9S6_Q2hlbm5haSBFbGVjdHJvbmlj_BZDET
http://www.justdial.com/Chennai/Electronic/ct-55806/page-6,http://www.justdial.com/Chennai/Accsys-Eletronics-<near>-Chennai-Ho/044PXX44-XX44-140527154336-J6B1_Q2hlbm5haSBFbGVjdHJvbmlj_BZDET
http://www.justdial.com/Chennai/Electronic/ct-55806/page-6,http://www.justdial.com/Chennai/Ace-Electronic-Service-<near>-Chennai-Ho/044PXX44-XX44-140527154523-F2J6_Q2hlbm5haSBFbGVjdHJvbmlj_BZDET
http://www.justdial.com/Chennai/Electronic/ct-55806/page-6,http://www.justdial.com/Chennai/Siva-Electrotech-<near>-Chennai-Ho/044PXX44-XX44-140611090203-S9M2_Q2hlbm5haSBFbGVjdHJvbmlj_BZDET
http://www.justdial.com/Chennai/Electronic/ct-55806/page-6,http://www.justdial.com/Chennai/Konica-Colour-Lab-<near>-Chennai-Ho/044PXX44-XX44-140625103607-D9Z5_Q2hlbm5haSBFbGVjdHJvbmlj_BZDET
http://www.justdial.com/Chennai/Electronic/ct-55806/page-6,http://www.justdial.com/Chennai/New-Chandrika-Digital-Studio-<near>-Chennai-Ho/044PXX44-XX44-140625104137-W4U7_Q2hlbm5haSBFbGVjdHJvbmlj_BZDET
http://www.justdial.com/Chennai/Electronic/ct-55806/page-6,http://www.justdial.com/Chennai/Arrow-Multimedia-Inc-<near>-Chennai-Ho/044PXX44-XX44-140625123638-F2M1_Q2hlbm5haSBFbGVjdHJvbmlj_BZDET
http://www.justdial.com/Chennai/Electronic/ct-55806/page-6,http://www.justdial.com/Chennai/Cellucom-<near>-Chennai-Ho/044PXX44-XX44-140625124705-Q6Y2_Q2hlbm5haSBFbGVjdHJvbmlj_BZDET
http://www.justdial.com/Chennai/Electronic/ct-55806/page-6,http://www.justdial.com/Chennai/Dass-Camera-Centre-<near>-Chennai-Ho/044PXX44-XX44-140625124942-G7B1_Q2hlbm5haSBFbGVjdHJvbmlj_BZDET
http://www.justdial.com/Chennai/Electronic/ct-55806/page-6,http://www.justdial.com/Chennai/Chandra-Vision-<near>-Chennai-Ho/044PXX44-XX44-140625131826-E3K2_Q2hlbm5haSBFbGVjdHJvbmlj_BZDET
http://www.justdial.com/Chennai/Electronic/ct-55806/page-6,http://www.justdial.com/Chennai/Canon-<near>-Chennai-Ho/044PXX44-XX44-140625132423-Q1N8_Q2hlbm5haSBFbGVjdHJvbmlj_BZDET
http://www.justdial.com/Chennai/Electronic/ct-55806/page-6,http://www.justdial.com/Chennai/Easy-Cell-City-<near>-Chennai-Ho/044PXX44-XX44-140625134746-V9S5_Q2hlbm5haSBFbGVjdHJvbmlj_BZDET
http://www.justdial.com/Chennai/Electronic/ct-55806/page-6,http://www.justdial.com/Chennai/Panasonic-Brand-Shop-<near>-Chennai-Ho/044PXX44-XX44-140625135800-U9V8_Q2hlbm5haSBFbGVjdHJvbmlj_BZDET
http://www.justdial.com/Chennai/Electronic/ct-55806/page-6,http://www.justdial.com/Chennai/Royal-Salute-<near>-Chennai-Ho/044PXX44-XX44-140625142737-A6H4_Q2hlbm5haSBFbGVjdHJvbmlj_BZDET
http://www.justdial.com/Chennai/Electronic/ct-55806/page-6,http://www.justdial.com/Chennai/CD-Byte-Info-Pvt-Ltd-<near>-Chennai-Ho/044PXX44-XX44-140625143444-M8S2_Q2hlbm5haSBFbGVjdHJvbmlj_BZDET
http://www.justdial.com/Chennai/Electronic/ct-55806/page-6,http://www.justdial.com/Chennai/Nirma-Electron-Visons-<near>-Chennai-Ho/044PXX44-XX44-140625144102-F2G4_Q2hlbm5haSBFbGVjdHJvbmlj_BZDET
http://www.justdial.com/Chennai/Electronic/ct-55806/page-6,http://www.justdial.com/Chennai/Sri-Padamavathy-Lable-Printers-<near>-Chennai-Ho/044PXX44-XX44-140625144338-U5P6_Q2hlbm5haSBFbGVjdHJvbmlj_BZDET
http://www.justdial.com/Chennai/Electronic/ct-55806/page-6,http://www.justdial.com/Chennai/Chellamani-Company-<near>-Chennai-Ho/044PXX44-XX44-140625144557-M6U7_Q2hlbm5haSBFbGVjdHJvbmlj_BZDET
http://www.justdial.com/Chennai/Electronic/ct-55806/page-6,http://www.justdial.com/Chennai/Infocus-Electronics-<near>-Opp-to-gt-court-Parrys/044PXX44-XX44-110428171215-M3L8_Q2hlbm5haSBFbGVjdHJvbmlj_BZDET
http://www.justdial.com/Chennai/Electronic/ct-55806/page-6,http://www.justdial.com/Chennai/Ok-Safe-Eathing-Electrode-Ltd-<near>-Perambur/044PXX44-XX44-140402094516-M7V3_Q2hlbm5haSBFbGVjdHJvbmlj_BZDET
http://www.justdial.com/Chennai/Electronic/ct-55806/page-6,http://www.justdial.com/Chennai/Muhammad-Electrical-Electronics-<near>-Broadway-Parrys/044P1400350_Q2hlbm5haSBFbGVjdHJvbmlj_BZDET
http://www.justdial.com/Chennai/Electronic/ct-55806/page-7,http://www.justdial.com/Chennai/Osseyama-Electronics-<near>-Near-By-Pervallur-Junction-K-K-Nagar/044PXX44-XX44-110719203411-W8A8_Q2hlbm5haSBFbGVjdHJvbmlj_BZDET
http://www.justdial.com/Chennai/Electronic/ct-55806/page-7,http://www.justdial.com/Chennai/SRI-SAI-ELECTRONICS-<near>-NEAR-ICICI-BANK-ATM-Kolathur/044PXX44-XX44-140529132055-L8B4_Q2hlbm5haSBFbGVjdHJvbmlj_BZDET
http://www.justdial.com/Chennai/Electronic/ct-55806/page-7,http://www.justdial.com/Chennai/D-R-C-Electronics-<near>-Erukancherry-Erukkancheri/044PXX44-XX44-110227011505-W4N3_Q2hlbm5haSBFbGVjdHJvbmlj_BZDET
http://www.justdial.com/Chennai/Electronic/ct-55806/page-7,http://www.justdial.com/Chennai/Indian-Coolng-System-<near>-Mkb-Nagar-Mkb-Nagar/044PXX44-XX44-110510181626-N5K3_Q2hlbm5haSBFbGVjdHJvbmlj_BZDET
http://www.justdial.com/Chennai/Electronic/ct-55806/page-7,http://www.justdial.com/Chennai/Power-Electronics-<near>-Near-Pandiyan-Theatre-Old-Washermanpet/044PXX44-XX44-150213191832-X7N9_Q2hlbm5haSBFbGVjdHJvbmlj_BZDET
http://www.justdial.com/Chennai/Electronic/ct-55806/page-7,http://www.justdial.com/Chennai/Veltronics-<near>-Korukkupet/044PXX44-XX44-140330225456-Q1C8_Q2hlbm5haSBFbGVjdHJvbmlj_BZDET
http://www.justdial.com/Chennai/Electronic/ct-55806/page-7,http://www.justdial.com/Chennai/RR-Automations-<near>-Guindy/044PXX44-XX44-111021175905-F7G9_Q2hlbm5haSBFbGVjdHJvbmlj_BZDET
http://www.justdial.com/Chennai/Electronic/ct-55806/page-7,http://www.justdial.com/Chennai/AAKARSHANA-ELECTRONICS-<near>-M-R-Nagar-Kodungaiyur/044PXX44-XX44-141112133026-T8J3_Q2hlbm5haSBFbGVjdHJvbmlj_BZDET
http://www.justdial.com/Chennai/Electronic/ct-55806/page-7,http://www.justdial.com/Chennai/RTS-Industries-<near>-Kuppu-Reddy-Nagar-Korattur/044P9102522_Q2hlbm5haSBFbGVjdHJvbmlj_BZDET
http://www.justdial.com/Chennai/Electronic/ct-55806/page-7,http://www.justdial.com/Chennai/Al-Ameen-Electricals-<near>-Royapuram/044PXX44-XX44-140527141151-J9B8_Q2hlbm5haSBFbGVjdHJvbmlj_BZDET
http://www.justdial.com/Chennai/Electronic/ct-55806/page-7,http://www.justdial.com/Chennai/Bharath-electronics-<near>-Korukkupet/044PXX44-XX44-130118150244-I8D1_Q2hlbm5haSBFbGVjdHJvbmlj_BZDET
http://www.justdial.com/Chennai/Electronic/ct-55806/page-7,http://www.justdial.com/Chennai/Bhavani-Electrical-Hardwares-<near>-Near-by-Matha-Church-Muthamil-Nagar-Kodungaiyur/044PXX44-XX44-140402214111-A7F2_Q2hlbm5haSBFbGVjdHJvbmlj_BZDET
http://www.justdial.com/Chennai/Electronic/ct-55806/page-7,http://www.justdial.com/Chennai/Alarms-Control-Solutions-<near>-Adyar/044PXX44-XX44-140527131938-P6A2_Q2hlbm5haSBFbGVjdHJvbmlj_BZDET
http://www.justdial.com/Chennai/Electronic/ct-55806/page-7,http://www.justdial.com/Chennai/Air-O-Matic-Systems-<near>-Adyar/044PXX44-XX44-140527145226-P2Q2_Q2hlbm5haSBFbGVjdHJvbmlj_BZDET
http://www.justdial.com/Chennai/Electronic/ct-55806/page-7,http://www.justdial.com/Chennai/Adarsh-Electronics-<near>-Adyar/044PXX44-XX44-140527153652-J1M8_Q2hlbm5haSBFbGVjdHJvbmlj_BZDET
http://www.justdial.com/Chennai/Electronic/ct-55806/page-7,http://www.justdial.com/Chennai/Besant-Electronics-<near>-2nd-Avenue-Near-Asian-Hospital-Besant-Nagar/044PXX44-XX44-130423143012-K1J2_Q2hlbm5haSBFbGVjdHJvbmlj_BZDET
http://www.justdial.com/Chennai/Electronic/ct-55806/page-7,http://www.justdial.com/Chennai/Poonam-Electrical-Electronics-<near>-Valasaravakkam/044P1233211346V6W5P4_Q2hlbm5haSBFbGVjdHJvbmlj_BZDET
http://www.justdial.com/Chennai/Electronic/ct-55806/page-7,http://www.justdial.com/Chennai/Addos-Service-<near>-St-Thomas-Mount/044PXX44-XX44-140527150830-F3J2_Q2hlbm5haSBFbGVjdHJvbmlj_BZDET
http://www.justdial.com/Chennai/Electronic/ct-55806/page-7,http://www.justdial.com/Chennai/M-K-Electronics-<near>-Opp-Knr-Electrical-Adambakkam/044PXX44-XX44-140410124632-X8S3_Q2hlbm5haSBFbGVjdHJvbmlj_BZDET
http://www.justdial.com/Chennai/Electronic/ct-55806/page-7,http://www.justdial.com/Chennai/Orion-Water-Treatment-Private-Limited-<near>-Athipattu/044PXX44-XX44-140628152053-K8B3_Q2hlbm5haSBFbGVjdHJvbmlj_BZDET
http://www.justdial.com/Chennai/Electronic/ct-55806/page-7,http://www.justdial.com/Chennai/Bagyaa-Electronics-<near>-Thiruvanmiyur/044P7303056_Q2hlbm5haSBFbGVjdHJvbmlj_BZDET
http://www.justdial.com/Chennai/Electronic/ct-55806/page-7,http://www.justdial.com/Chennai/Mahadev-Electricals-Electronics-<near>-Sasthiri-Nagar-Periyasekkadu-Madhavaram-Milk-Colony/044PXX44-XX44-110714164842-S5C5_Q2hlbm5haSBFbGVjdHJvbmlj_BZDET
http://www.justdial.com/Chennai/Electronic/ct-55806/page-7,http://www.justdial.com/Chennai/v-v-electronics-<near>-near-madha-school-Tiruvottiyur/044PXX44-XX44-140711170811-H4R3_Q2hlbm5haSBFbGVjdHJvbmlj_BZDET
http://www.justdial.com/Chennai/Electronic/ct-55806/page-7,http://www.justdial.com/Chennai/Shree-Ram-Electronics-<near>-Laxman-Nagar-Kandanchavadi/044P1225369267J8G8D5_Q2hlbm5haSBFbGVjdHJvbmlj_BZDET
http://www.justdial.com/Chennai/Electronic/ct-55806/page-7,http://www.justdial.com/Chennai/Evershine-Eletronics-<near>-Velappanchavadi/044PXX44-XX44-110531185534-E4A9_Q2hlbm5haSBFbGVjdHJvbmlj_BZDET
http://www.justdial.com/Chennai/Electronic/ct-55806/page-8,http://www.justdial.com/Chennai/Mathaji-Electronics-And-Mobiles-<near>-Puzhal-Camph-Pozhal/044PXX44-XX44-111115223103-U9M5_Q2hlbm5haSBFbGVjdHJvbmlj_BZDET
http://www.justdial.com/Chennai/Electronic/ct-55806/page-8,http://www.justdial.com/Chennai/M-M-BATTERY-ASSOCIATE-<near>-NEAR-KANNAN-THEATER-Ambattur/044PXX44-XX44-130119135801-W4Q4_Q2hlbm5haSBFbGVjdHJvbmlj_BZDET
http://www.justdial.com/Chennai/Electronic/ct-55806/page-8,http://www.justdial.com/Chennai/Sri-Srinivasa-Industries-<near>-Palavakkam/044PXX44-XX44-140708110116-P2L6_Q2hlbm5haSBFbGVjdHJvbmlj_BZDET
http://www.justdial.com/Chennai/Electronic/ct-55806/page-8,http://www.justdial.com/Chennai/Benny-Electronics-<near>-Porur/044P6004760_Q2hlbm5haSBFbGVjdHJvbmlj_BZDET
http://www.justdial.com/Chennai/Electronic/ct-55806/page-8,http://www.justdial.com/Chennai/Akshaya-Car-Auto-Electricals-<near>-Nilangarai-Neelankarai/044PXX44-XX44-140527133658-F9R3_Q2hlbm5haSBFbGVjdHJvbmlj_BZDET
http://www.justdial.com/Chennai/Electronic/ct-55806/page-8,http://www.justdial.com/Chennai/Al-National-<near>-PUZAL-LAKE-Redhills/044PXX44-XX44-100625110318-U1S1_Q2hlbm5haSBFbGVjdHJvbmlj_BZDET
http://www.justdial.com/Chennai/Electronic/ct-55806/page-8,http://www.justdial.com/Chennai/Sri-Murugans-Tailors-<near>-Behind-Mosque-Pallavaram/044PXX44-XX44-140724200202-Y1C7_Q2hlbm5haSBFbGVjdHJvbmlj_BZDET
http://www.justdial.com/Chennai/Electronic/ct-55806/page-8,http://www.justdial.com/Chennai/D-M-Deva-Electricals-<near>-Opposite-to-Amala-Store-Redhills/044PXX44-XX44-140826132725-W4Z1_Q2hlbm5haSBFbGVjdHJvbmlj_BZDET
http://www.justdial.com/Chennai/Electronic/ct-55806/page-8,http://www.justdial.com/Chennai/Raj-Shri-Electronics-And-Electricals-<near>-Kamaraja-Nagar/044PXX44-XX44-140527133558-Z3Z8_Q2hlbm5haSBFbGVjdHJvbmlj_BZDET
http://www.justdial.com/Chennai/Electronic/ct-55806/page-8,http://www.justdial.com/Chennai/A-G-S-And-Co-<near>-Avadi/044PXX44-XX44-140527150410-G3E9_Q2hlbm5haSBFbGVjdHJvbmlj_BZDET
http://www.justdial.com/Chennai/Electronic/ct-55806/page-8,http://www.justdial.com/Chennai/Shree-Electronics-<near>-Ettiamman-Nagar-Behind-SBI-ATM-Kattupakkam/044PXX44-XX44-140514205022-L8K2_Q2hlbm5haSBFbGVjdHJvbmlj_BZDET
http://www.justdial.com/Chennai/Electronic/ct-55806/page-8,http://www.justdial.com/Chennai/Kamala-Electricals-Electronics-<near>-Near-Tamilnadu-mercantile-bank-Chitlapakkam/044PXX44-XX44-110422103821-W3N7_Q2hlbm5haSBFbGVjdHJvbmlj_BZDET
http://www.justdial.com/Chennai/Electronic/ct-55806/page-8,http://www.justdial.com/Chennai/CLPERWOOD-<near>-Vijaya-nagaram-Medavakkam/044PXX44-XX44-130401142724-Z1I4_Q2hlbm5haSBFbGVjdHJvbmlj_BZDET
http://www.justdial.com/Chennai/Electronic/ct-55806/page-8,http://www.justdial.com/Chennai/MTL-Instruments-PVT-LTD--<near>-Sholinganallur/044PXX44-XX44-110519172954-W9E3_Q2hlbm5haSBFbGVjdHJvbmlj_BZDET
http://www.justdial.com/Chennai/Electronic/ct-55806/page-8,http://www.justdial.com/Chennai/Ganga-Electronics-And-Electricals-<near>-Sholavaram/044PXX44-XX44-140610131022-W3Z1_Q2hlbm5haSBFbGVjdHJvbmlj_BZDET
http://www.justdial.com/Chennai/Electronic/ct-55806/page-8,http://www.justdial.com/Chennai/A-G-S-Enterprises-<near>-Pattabiram/044PXX44-XX44-140527144532-A2Y8_Q2hlbm5haSBFbGVjdHJvbmlj_BZDET
http://www.justdial.com/Chennai/Electronic/ct-55806/page-8,http://www.justdial.com/Chennai/YUVA-Electronics-<near>-Navalur/044PXX44-XX44-140217140324-Y1Z4_Q2hlbm5haSBFbGVjdHJvbmlj_BZDET
http://www.justdial.com/Chennai/Electronic/ct-55806/page-8,http://www.justdial.com/Chennai/Dinesh-Electronics-<near>-opp-to-Hiranandani-Sirucheri/044PXX44-XX44-150129114828-C3T9_Q2hlbm5haSBFbGVjdHJvbmlj_BZDET
http://www.justdial.com/Chennai/Electronic/ct-55806/page-8,http://www.justdial.com/Chennai/Pvm-Electronics-<near>-Ponneri/044PXX44-XX44-110627163719-N8Z3_Q2hlbm5haSBFbGVjdHJvbmlj_BZDET
http://www.justdial.com/Chennai/Electronic/ct-55806/page-8,http://www.justdial.com/Chennai/Vijay-Electronics-Audio-Video-<near>-Kavarapettai/044PXX44-XX44-110212110749-B8W5_Q2hlbm5haSBFbGVjdHJvbmlj_BZDET
http://www.justdial.com/Chennai/Electronic/ct-55806/page-8,http://www.justdial.com/Chennai/R-K-Electronics-(Head-Office)-<near>-Hope-College-/044PXX44-XX44-110412120032-X4S3_Q2hlbm5haSBFbGVjdHJvbmlj_BZDET
http://www.justdial.com/Chennai/Electronic/ct-55806/page-8,http://www.justdial.com/Chennai/Mars-System-<near>-R-A-Puram/044P5412250_Q2hlbm5haSBFbGVjdHJvbmlj_BZDET
http://www.justdial.com/Chennai/Electronic/ct-55806/page-8,http://www.justdial.com/Chennai/National-Electronics-<near>-Gandhi-Road-Sriperumbudur/044PXX44-XX44-131128123016-Y5D1_Q2hlbm5haSBFbGVjdHJvbmlj_BZDET
